"","baseMean","log2FoldChange","lfcSE","stat","pvalue","padj","regulation"
"ENSG00000236679",13.1564555084283,19.9393155195633,2.77681620382016,7.18063928470748,6.93861994299092e-13,7.35493713957038e-11,"up"
"ENSG00000228327",24.7099715224144,3.45927614611479,1.00896253360533,3.42854767238357,0.00060681995199468,0.0214409716371454,"up"
"ENSG00000226969",16.5654272638187,6.52159877514449,1.86504803291339,3.49674574598334,0.000470970479950245,0.0214409716371454,"up"
"ENSG00000162571",17.2028971833957,3.09180873756678,1.00038677974615,3.09061335091946,0.00199743548623303,0.0352880269234502,"up"
"ENSG00000225905",14.3235789391199,4.36432143508668,1.3920727286681,3.13512458451962,0.00171781141042124,0.0352880269234502,"up"
"ENSG00000271847",20.2778752507019,3.55760322536095,1.12249291357254,3.16937700215695,0.00152766100914978,0.0352880269234502,"up"
