"","baseMean","log2FoldChange","lfcSE","stat","pvalue","padj","regulation"
"ENSG00000229101",17.1747751473022,21.6098016691085,3.0050031114077,7.19127430752822,6.41893718768835e-13,3.91555168448989e-11,"up"
"ENSG00000226984",22.3492885284351,6.42532445876743,1.81832409401784,3.53365193801606,0.000409860437664789,0.00625037167438803,"up"
"ENSG00000236137",32.9577901168432,3.51375422257301,0.985096005583855,3.56691551143835,0.000361207875040866,0.00625037167438803,"up"
"ENSG00000271427",32.260173816637,2.88170511077995,0.80323131093633,3.5876404113539,0.00033368404698593,0.00625037167438803,"up"
"ENSG00000271810",16.2604186509422,6.93729017365314,2.02151575033503,3.43172699619255,0.000599750973888346,0.00731696188143782,"up"
"ENSG00000261595",17.2687220620162,6.04951898083617,2.01245957207514,3.0060325508046,0.00264680662320665,0.0230650291450865,"up"
"ENSG00000233839",12.7809716446973,5.60757512554415,1.8607266592325,3.01364797334453,0.00258127127451777,0.0230650291450865,"up"
