"","baseMean","log2FoldChange","lfcSE","stat","pvalue","padj","regulation"
"ENSG00000226969",15.7194140935664,6.40997181036627,1.80156059767713,3.5580106595532,0.0003736741528025,0.0368203842798694,"up"
"ENSG00000266075",22.2589677445822,3.78903022112802,1.11465248802173,3.39929283955821,0.000675603381282007,0.0368203842798694,"up"
"ENSG00000271847",19.4361173181997,3.48286264881393,1.07794452296467,3.23102216729579,0.00123348373243771,0.0369644557749298,"up"
"ENSG00000236423",34.1236529171738,2.00734339005876,0.626560213277774,3.20375176642255,0.00135649378990568,0.0369644557749298,"up"
"ENSG00000228037",10.9805438224481,4.3273006253686,1.44661792641813,2.99132241232702,0.00277772049130411,0.0432530762217354,"up"
"ENSG00000069812",22.5314097101826,3.45821731594947,1.1429605732785,3.02566632375589,0.002480859164283,0.0432530762217354,"up"
"ENSG00000229519",24.4411935932291,2.8185944704729,0.914359155081041,3.08259009034921,0.00205207605370054,0.0432530762217354,"up"
