"","baseMean","log2FoldChange","lfcSE","stat","pvalue","padj","regulation"
"ENSG00000236679",13.0075493357087,21.41480883095,2.46862297600264,8.67479928653437,4.14280514656276e-18,3.35567216871584e-16,"up"
"ENSG00000228327",24.4299003071904,3.4085335936342,1.03522416719481,3.29255604887049,0.000992811067274744,0.0402088482246271,"up"
