"","baseMean","log2FoldChange","lfcSE","stat","pvalue","padj","regulation"
"ENSG00000234041",24.0657222821106,8.01344824503594,2.04102337618014,3.9261913109655,8.63015236552697e-05,0.00837124779456116,"up"
"ENSG00000231905",27.6108389477901,6.05374331535195,1.65993842349211,3.64696860418253,0.000265352331751342,0.0128695880899401,"up"
"ENSG00000231564",23.0114920295652,7.46335016545185,2.21231942185611,3.37354095060568,0.0007420800760029,0.0239939224574271,"up"
"ENSG00000270575",22.7899523119612,8.09047239627682,2.52139496305414,3.20872870566732,0.0013332322727487,0.032330882614156,"up"
