"","baseMean","log2FoldChange","lfcSE","stat","pvalue","padj","regulation"
"ENSG00000236679",13.0075493357087,21.4086752221206,2.43979611686984,8.77478043107434,1.71237642862813e-18,1.42127243576135e-16,"up"
"ENSG00000228327",24.4299003071904,3.40854645924881,1.03933857677166,3.27953424940338,0.00103978588313401,0.0431511141500615,"up"
