"","baseMean","log2FoldChange","lfcSE","stat","pvalue","padj","regulation"
"ENSG00000236679",14.59011960027,21.6379759702299,2.91481855746479,7.42343838686476,1.14118267472149e-13,4.33649416394166e-12,"up"
"ENSG00000228327",25.0063898921831,3.4894185824438,1.02423112687396,3.40686637116156,0.000657132910210955,0.0124855252940082,"up"
